id,first_name,last_name,email,gender
1,Dimitry,Minors,Dodge,Grand Caravan
2,Codie,Clue,Oldsmobile,Silhouette
3,Rivkah,Zoellner,GMC,Savana 2500
4,Carolan,Zielinski,Ford,Taurus
5,Rivi,Cammock,Mercedes-Benz,CL-Class
6,Jarrett,Teck,Suzuki,Swift
7,Conchita,Joron,Mazda,Mazda5
8,Mal,Irwin,Audi,S6
9,Marlie,Larham,Chevrolet,Monte Carlo
10,Ann-marie,Kummerlowe,Saturn,VUE
11,Eugine,Di Ruggero,Maserati,228
12,Feodor,Brewster,Ferrari,California
13,Tiertza,Dondon,Panoz,Esperante
14,Kissie,Ayton,Ford,Focus
15,Bessy,Branch,Mitsubishi,Diamante
16,Dennis,Rounds,Mitsubishi,Lancer
17,Greer,Lessmare,BMW,X5
18,Cass,Esson,Geo,Metro
19,Garfield,Keep,Pontiac,Bonneville
20,Sancho,Waddell,Maserati,Biturbo
21,Michelle,Brent,Land Rover,Range Rover
22,Leandra,Sawbridge,Mitsubishi,Cordia
23,Shelli,Cretney,Oldsmobile,Silhouette
24,Ashien,Verman,Audi,S8
25,Benji,Ragge,Mitsubishi,Lancer Evolution
26,Gaelan,Tift,Mercedes-Benz,W123
27,Silvain,Cossum,Dodge,Dakota
28,Gaby,Radclyffe,Chevrolet,Avalanche
29,Bennie,Warnes,Buick,Coachbuilder
30,Noby,Langeren,Honda,FCX Clarity
31,Alberta,Marquez,Chevrolet,Malibu
32,Shaun,Yesenev,MINI,Cooper
33,August,Lambricht,Chevrolet,Camaro
34,Hercules,Ivashechkin,Buick,Century
35,Pat,Cheyenne,GMC,Envoy XUV
36,Sebastian,Bendtsen,Ford,Festiva
37,Maryrose,Ferier,Volvo,S80
38,Miltie,Dadge,Audi,5000S
39,Therese,Riddick,Chevrolet,1500
40,Drew,Simkovich,BMW,M Roadster
41,Oby,Ebertz,Jeep,Liberty
42,Dacey,Willox,GMC,Acadia
43,Reggie,Bosanko,Dodge,Dakota Club
44,Siegfried,Bisseker,Lexus,SC
45,Rozanna,Georgot,Cadillac,CTS
46,Julio,Addionizio,Mercury,Marquis
47,Janine,Morson,Aston Martin,Vantage
48,Elwood,Tourmell,Subaru,Forester
49,Sheeree,Hadenton,Suzuki,Swift
50,Gery,Duncklee,Dodge,Grand Caravan
51,Hagan,Revan,Dodge,Ram 2500
52,Dannye,Antcliffe,Mercury,Sable
53,Nil,Carruth,Mercury,Mountaineer
54,Kailey,Upson,Dodge,Ram 2500
55,Mickey,Aylwin,Mitsubishi,Truck
56,Birch,Riatt,Chevrolet,Express 2500
57,Bastian,Raysdale,Suzuki,Forenza
58,Darius,O'Hern,Ford,GT500
59,Wat,Cough,BMW,645
60,Cassius,Sigward,Mazda,B-Series
61,Weider,Wayne,Bentley,Continental
62,Godfry,Comsty,Hyundai,Azera
63,Micheal,Poff,Cadillac,Escalade
64,Dagny,Moncaster,Ford,Explorer
65,Lauri,Sidnell,Ford,Taurus
66,Eadie,Sholl,Cadillac,Escalade EXT
67,Ana,Niesing,GMC,Terrain
68,Wright,Runchman,Volkswagen,Golf
69,Trent,Dent,Volvo,C30
70,Demetris,Heinlein,Lincoln,Town Car
71,Brina,Bussens,Volvo,C30
72,Fred,Croster,Geo,Tracker
73,Adi,Cobby,GMC,1500 Club Coupe
74,Donna,Eades,Mazda,Navajo
75,Madelon,Gianetti,Pontiac,GTO
76,Mack,Vasichev,Dodge,Ram 1500
77,Roxana,Gellett,Lexus,LX
78,Diane,Kensy,Mercedes-Benz,G-Class
79,Elaina,Sweedland,Toyota,Camry
80,Basilius,Pea,Plymouth,Laser
81,Nananne,Reubens,Toyota,Matrix
82,Gusty,Frankish,Mazda,MPV
83,Quill,Gomersal,Mazda,MX-5
84,Garrick,Duffer,Dodge,Neon
85,Zacharia,Chomley,Saab,9-5
86,Lilia,Bradford,Dodge,Stealth
87,Ginnie,Woloschinski,Chevrolet,Express 1500
88,Clayborne,Hedgecock,Mazda,323
89,Jehanna,Franzotto,Dodge,Ram Van B150
90,Sanders,Bodesson,Subaru,Forester
91,Kristen,Gennrich,Lexus,LX
92,Honey,Thorington,GMC,Sierra 1500
93,Brynna,Sima,Lexus,LS
94,Estevan,Postlethwaite,Volvo,S90
95,Denys,Huddy,Fillmore,Fillmore
96,Dorolisa,Matissoff,Toyota,Venza
97,Bron,Burgen,Maserati,Spyder
98,Kimble,Pellett,Toyota,Solara
99,Marlane,Heinzel,Mercury,Grand Marquis
100,Phillie,Allsep,Saab,900
